{
	"name": "Vertical space shooter template",
	"version": "1.0.0.0",
	"description": "",
	"id": "",
	"unique-id": "c3w2rmjpcg6",
	"viewport-width": 480,
	"viewport-height": 640,
	"author": "",
	"email": "",
	"website": "",
	"orientations": "any",
	"c2version": "244",
	"c3version": "r379",
	"ife": true,
	"used-plugins": [
		"Sprite",
		"Touch",
		"Text",
		"video",
		"Audio",
		"Mouse",
		"Keyboard",
		"LocalStorage",
		"AJAX",
		"TextBox",
		"Button"
	],
	"used-behaviors": [
		"bound",
		"Bullet",
		"destroy",
		"wrap",
		"Fade",
		"solid"
	]
}